Name,Linked_Guest__c,Recording_URL__c,Timestamp__c,Duration__c
Audio Log 001,,https://example.com/audio/complaint_001.mp3,2024-01-20T09:15:00.000Z,120
Audio Log 002,,https://example.com/audio/inquiry_002.mp3,2024-01-20T10:30:00.000Z,85
Audio Log 003,,https://example.com/audio/complaint_003.mp3,2024-01-20T11:45:00.000Z,156
Audio Log 004,,https://example.com/audio/request_004.mp3,2024-01-20T13:20:00.000Z,92
Audio Log 005,,https://example.com/audio/complaint_005.mp3,2024-01-20T14:35:00.000Z,203
Audio Log 006,,https://example.com/audio/inquiry_006.mp3,2024-01-20T15:50:00.000Z,78
Audio Log 007,,https://example.com/audio/request_007.mp3,2024-01-20T16:15:00.000Z,134
Audio Log 008,,https://example.com/audio/complaint_008.mp3,2024-01-20T17:30:00.000Z,167
Audio Log 009,,https://example.com/audio/inquiry_009.mp3,2024-01-20T18:45:00.000Z,89
Audio Log 010,,https://example.com/audio/request_010.mp3,2024-01-20T19:20:00.000Z,112
