Name,Photo_URL__c,Room_No__c,ID_Proof__c,Checkin_Time__c,Checkout_Time__c,Voice_Log_URL__c
John Smith,https://images.unsplash.com/photo-1507003211169-0a1dd7228f2d?w=150,101,DL123456789,2024-01-15T14:30:00.000Z,2024-01-18T11:00:00.000Z,https://example.com/audio/john_smith.mp3
Sarah Johnson,https://images.unsplash.com/photo-1494790108755-2616b612b786?w=150,102,PP987654321,2024-01-16T16:45:00.000Z,2024-01-20T10:30:00.000Z,https://example.com/audio/sarah_johnson.mp3
Michael Brown,https://images.unsplash.com/photo-1472099645785-5658abf4ff4e?w=150,103,DL555666777,2024-01-14T13:15:00.000Z,2024-01-17T12:00:00.000Z,https://example.com/audio/michael_brown.mp3
Emily Davis,https://images.unsplash.com/photo-1580489944761-15a19d654956?w=150,104,PP111222333,2024-01-17T15:20:00.000Z,2024-01-21T09:45:00.000Z,https://example.com/audio/emily_davis.mp3
David Wilson,https://images.unsplash.com/photo-1560250097-0b93528c311a?w=150,105,DL444555666,2024-01-15T17:30:00.000Z,2024-01-19T11:15:00.000Z,https://example.com/audio/david_wilson.mp3
Lisa Anderson,https://images.unsplash.com/photo-1573496359142-b8d87734a5a2?w=150,106,PP777888999,2024-01-16T12:00:00.000Z,2024-01-20T14:30:00.000Z,https://example.com/audio/lisa_anderson.mp3
Robert Taylor,https://images.unsplash.com/photo-1566492031773-4f4e44671d66?w=150,107,DL333444555,2024-01-18T14:45:00.000Z,2024-01-22T10:00:00.000Z,https://example.com/audio/robert_taylor.mp3
Jennifer Martinez,https://images.unsplash.com/photo-1559839734-2b71ea197ec2?w=150,108,PP666777888,2024-01-17T16:30:00.000Z,2024-01-21T13:15:00.000Z,https://example.com/audio/jennifer_martinez.mp3
Christopher Lee,https://images.unsplash.com/photo-1582750433449-648ed127bb54?w=150,109,DL222333444,2024-01-19T11:20:00.000Z,2024-01-23T09:30:00.000Z,https://example.com/audio/christopher_lee.mp3
Amanda Garcia,https://images.unsplash.com/photo-1438761681033-6461ffad8d80?w=150,110,PP999000111,2024-01-16T18:00:00.000Z,2024-01-20T12:45:00.000Z,https://example.com/audio/amanda_garcia.mp3
